,handle,count,compound,positive,negative,neutral,date,text
0,Bitcoin,1,-0.2023,0.0,0.107,0.893,1533471088.0,"Bitpico, a controversial mischief-maker within the world of bitcoin, has allegedly rage-quit BTC altogether. The ps‚Ä¶ https://t.co/FYKFWX5oc2"
1,Bitcoin,2,-0.4019,0.088,0.201,0.711,1533419552.0,It comes as no surprise that the most functional cryptocurrency is also the most used in commerce. Embarrassing tha‚Ä¶ https://t.co/fM8xY5wAwo
2,Bitcoin,3,-0.4588,0.0,0.15,0.85,1533356761.0,"Follow @banned_r to see the kinds of posts that get one banned from r/Bitcoin 

#reddit #censorship #bitcoin‚Ä¶ https://t.co/XnMZ4qFOXJ"
3,Bitcoin,4,0.0,0.0,0.0,1.0,1533241380.0,"Hundreds gathered in Hong Kong yesterday to mark the first birthday of Bitcoin Cash. @southtopia @bitsonlinecom

https://t.co/E4ygg4gyR0"
4,Bitcoin,5,0.0,0.0,0.0,1.0,1533237840.0,"""It‚Äôs been a year since the two-year schism in the community over Bitcoin‚Äôs scaling approach culminated in the bloc‚Ä¶ https://t.co/aCUj1eHCFj"
5,Bitcoin,6,-0.6597,0.0,0.206,0.794,1533233520.0,"After years of demonizing miners as being evil and characterizing ASICs as ""unfair,"" Blockstream enters the Bitcoin‚Ä¶ https://t.co/gkGhlB6pqS"
6,Bitcoin,7,0.0,0.0,0.0,1.0,1533229740.0,"Over the course of the last few months, $BitcoinCash has seen an influx of new projects, including social media and‚Ä¶ https://t.co/jOvvnp60hz"
7,Bitcoin,8,0.7003,0.279,0.0,0.721,1533226020.0,The always tolerant #BTC community of Tel Aviv is once again celebrating vandalism of posters promoting‚Ä¶ https://t.co/dFxFdMAPle
8,Bitcoin,9,0.4927,0.144,0.0,0.856,1533222240.0,The people behind Electron Cash keep producing very useful software products. Here is Electron Cash as a J2ME SPV w‚Ä¶ https://t.co/zN9GBBcUpY
9,Bitcoin,10,0.2481,0.095,0.0,0.905,1533219300.0,The #BitcoinCash #BCH community in Venezuela is growing really fast! You won't hear about this in the mainstream me‚Ä¶ https://t.co/9KGKFCxdqv
10,Bitcoin,11,0.0,0.0,0.0,1.0,1533216300.0,"The first #BitcoinCash meetup in Almaty, Kazakhstan, to be held on August 11th. 

https://t.co/Mp3SWy2HG1 https://t.co/GAfVaDqIJg"
11,Bitcoin,12,0.0,0.0,0.0,1.0,1533212100.0,"https://t.co/07nYiGkaUi, the largest over-the-counter cryptocurrency exchange in the Philippines, has added‚Ä¶ https://t.co/gaObCWkTAu"
12,Bitcoin,13,0.2023,0.122,0.0,0.878,1533209101.0,Introducing the world's first native iOS Swift library for #BitcoinCash. @zquestz #Blockchain #BlockchainDevelopers‚Ä¶ https://t.co/ZYFQ2dJ18H
13,Bitcoin,14,0.6355,0.251,0.088,0.66,1533205440.0,"#BitcoinCash surpasses BTC's daily TX record and does so while lowering the avg TX fee.

A Bitcoin that scales on-c‚Ä¶ https://t.co/ewyokvbRSG"
14,Bitcoin,15,0.5423,0.179,0.0,0.821,1533201840.0,"Scientific hard-facts and evidence that #BitcoinCash (BCH) is in every way cheaper, faster, and superior to‚Ä¶ https://t.co/EU3cPeMiyf"
15,Bitcoin,16,0.1779,0.107,0.081,0.812,1533198120.0,"""There is no question now whether BCH is better, the only question now is, how long will it take for people to real‚Ä¶ https://t.co/VnSBOMYmxk"
16,Bitcoin,17,-0.34,0.07,0.136,0.794,1533194160.0,"""With a 32MB block size, #BitcoinCash is positioning itself as a challenger to financial giants such as VISA and Pa‚Ä¶ https://t.co/6f7h9mXLdD"
17,Bitcoin,18,0.2023,0.216,0.149,0.634,1533190500.0,"""The essence of #DYOR is asking good questions. But people who ask good questions eventually get banned from r/Bitc‚Ä¶ https://t.co/RruSzFBmTK"
18,Bitcoin,19,0.3869,0.141,0.0,0.859,1533188264.0,"@feelxkg Possible transactions? There's this cool thing called a blockchain, you can verify all the transactions for yourself."
19,Bitcoin,20,0.0,0.0,0.0,1.0,1533187064.0,@CryptoStratz @TravelbyBit More people need to see this.
20,Bitcoin,21,0.802,0.353,0.0,0.647,1533186467.0,@JordiMorris1 Does it matter? #BitcoinCash has demonstrated that larger blocksizes are perfectly safe and that it c‚Ä¶ https://t.co/51gEmEnd4i
21,Bitcoin,22,0.0,0.0,0.0,1.0,1533186240.0,#BitcoinCash is the most spent cryptocurrency at the worlds first crypto airport in Brisbane Australia.‚Ä¶ https://t.co/kUJmxBVjfh
22,Bitcoin,23,0.3182,0.103,0.0,0.897,1533184794.0,That time when Blockstream CEO Adam Back's proposed solution to extremely high fees on the #BTC network was for mer‚Ä¶ https://t.co/4dk9Y2jw5W
23,Bitcoin,24,0.0,0.0,0.0,1.0,1533182826.0,@Toastington Nope. https://t.co/LXSdT3hB3q https://t.co/aFzMRjodb7
24,Bitcoin,25,0.4199,0.134,0.0,0.866,1533181851.0,"Tx flippening! BCH network processed 687,000 transactions today with median fees of one fifth of a penny. That's ab‚Ä¶ https://t.co/uyifNCJMN7"
25,Bitcoin,26,0.7783,0.302,0.0,0.698,1532835721.0,"RT @rory_macdonald: I‚Äôm proud to partner with @bitcoincom and support #BitcoinCash as digital money for the world 

We‚Äôve created these lim‚Ä¶"
26,Bitcoin,27,0.0,0.0,0.0,1.0,1532831278.0,"https://t.co/HUKYLdp7Qj officially removes https://t.co/CCX98aPWqc from their list of web resources, 2 days after t‚Ä¶ https://t.co/ZQz3vr9BaH"
27,Bitcoin,28,0.784,0.315,0.0,0.685,1532824943.0,"Reddit's MillionaireMakers subreddit is back, and is embracing peer-to-peer digital cash! One lucky winner is rando‚Ä¶ https://t.co/gDL0Vj9cnx"
28,Bitcoin,29,-0.3182,0.0,0.108,0.892,1532762280.0,"Some people are shocked to learn that this Twitter account is just a Twitter account about Bitcoin, not an official‚Ä¶ https://t.co/MXcba7JQzN"
29,Bitcoin,30,0.0,0.0,0.0,1.0,1532757720.0,"""Foundational intent as Peer to Peer Cash on chain is literally what defines the Bitcoin experiment. Changing that,‚Ä¶ https://t.co/0d3UlxOlhm"
30,Bitcoin,31,0.694,0.324,0.081,0.595,1532753580.0,"""Lightning Network requires ACTIVE security - if you do nothing, your funds are vulnerable. Onchain has passive sec‚Ä¶ https://t.co/kAP9n7R9c8"
31,Bitcoin,32,0.0,0.0,0.0,1.0,1532750177.0,"@HannibalSmith28 It's just a Twitter account, not an official representative of anything. Always do your own research, pal."
32,Bitcoin,33,0.4939,0.186,0.0,0.814,1532750112.0,@BitcoinGhana @CobraBitcoin @adam3us Pretty disingenuous of you to masquerade as a Bitcoin account while promoting‚Ä¶ https://t.co/MfJptjW0mr
33,Bitcoin,34,-0.3182,0.0,0.141,0.859,1532749143.0,"@HannibalSmith28 This is just a Twitter account, and Bitcoin Cash is just a currency. You seem confused."
34,Bitcoin,35,0.2942,0.103,0.0,0.897,1532748874.0,RT @zquestz: Just released a small new project https://t.co/19FKloXQp0 to allow websites to connect to any TCP service via websockets! This‚Ä¶
35,Bitcoin,36,0.6114,0.312,0.0,0.688,1532748076.0,"Bitcoin Core supporters right now. (Bitcoin Cash works just fine, though!)  

https://t.co/q9oUQWE3ce https://t.co/cAUpCPcZrC"
36,Bitcoin,37,0.4753,0.171,0.0,0.829,1532748011.0,"RT @BitcoinCashFund: üì¢¬†Learn about our progress and expansion of the #SpendBCH/#GastaBCH Bounty Campaign!

https://t.co/fEE0S1LIXH https://‚Ä¶"
37,Bitcoin,38,0.3818,0.133,0.0,0.867,1532677697.0,"@bkunzi01 @CobraBitcoin Erroneously cited for something he took credit for inventing, when it had been invented yea‚Ä¶ https://t.co/io0AaBoDhI"
38,Bitcoin,39,-0.3818,0.0,0.115,0.885,1532674861.0,"Adam Back, CEO of Blockstream and inventor of opening a tab at the bar, is upset at @CobraBitcoin because Cobra cal‚Ä¶ https://t.co/NzJ0OX6qM9"
39,Bitcoin,40,-0.34,0.0,0.231,0.769,1532587980.0,"A Brief History of the BTC vs. BCH Feud 

https://t.co/RlKsRUoSmi"
40,Bitcoin,41,0.0,0.0,0.0,1.0,1532583938.0,@kokcox @abrkn @ShitcoinDotCom What?
41,Bitcoin,42,-0.631,0.0,0.196,0.804,1532580780.0,"""TL;DR: Sending payments using the Lightning Network is cheaper than the regular Bitcoin network, but suffers from‚Ä¶ https://t.co/6SvPEqzqza"
42,Bitcoin,43,0.0,0.0,0.0,1.0,1532577459.0,"@APerfectSq Their two pools, https://t.co/5LLPLy24gQ and Antpool, account for just over 36% of BTC hashrate. https://t.co/Xbk4xf7Ep1"
43,Bitcoin,44,0.0,0.0,0.0,1.0,1532577234.0,"Bitmain introduces new transparency policy, discloses total hashrate for all the coins they are mining. At 1692.05‚Ä¶ https://t.co/gGh5FSKHTi"
44,Bitcoin,45,0.5267,0.185,0.0,0.815,1532571961.0,"Dale Dickins: Filipinos are the ideal audience to get Bitcoin Cash moving

@RealCoinGeek @BitcoinCashPH @BCHjeepney‚Ä¶ https://t.co/kGfxpbqdqJ"
45,Bitcoin,46,0.296,0.115,0.0,0.885,1532570100.0,Canada‚Äôs central bank has championed proof-of-work (PoW) algorithms as part of a new research paper on Blockchain c‚Ä¶ https://t.co/3Cspm6cjoZ
46,Bitcoin,47,-0.2263,0.131,0.215,0.654,1532565172.0,"Coinbase Cleared of Insider Trading Accusations After Investigation

https://t.co/FPXNWQSDPp"
47,Bitcoin,48,0.25,0.321,0.202,0.476,1532560535.0,@btcbastard Yes seriously. Read the article.
48,Bitcoin,49,0.0,0.0,0.0,1.0,1532560520.0,"@BennySuavo Bitcoin Cash is a community, not a company. And it's permissionless so anyone can participate."
49,Bitcoin,50,0.4767,0.171,0.0,0.829,1532560041.0,"Why does Blockstream employ a spy to run intelligence and counterintelligence operations on the Bitcoin community?

https://t.co/QbijUueDgn"
50,Bitcoin,51,-0.4215,0.0,0.141,0.859,1532483591.0,"@KlaytM BTC's utility was intentionally degraded by the Bitcoin Core developers. The concept of ""Bitcoin"" has been‚Ä¶ https://t.co/dhcvNwr0hD"
51,Bitcoin,52,-0.1779,0.0,0.075,0.925,1532482652.0,"""We shall argue, from an economic point of view, that utility and SoV are not only a false dichotomy, but also form‚Ä¶ https://t.co/N4SliLBcXs"
52,Bitcoin,53,0.0,0.0,0.0,1.0,1532402040.0,"One Year Of Segwit, Where Does It Stand? (video by @Falkvinge)

Full vid: https://t.co/DWUgySXMU5 https://t.co/ecy9sgMflD"
53,Bitcoin,54,-0.296,0.0,0.121,0.879,1532398743.0,"@sospndD Because there is no congestion on the BCH blockchain, while the BTC network is frequently congested."
54,Bitcoin,55,-0.2755,0.0,0.095,0.905,1532398216.0,"‚ÄúConsidering the issues of transaction speed and fee, we decided that Bitcoin Core did not fit the philosophy of Fu‚Ä¶ https://t.co/ZfuSqVnD5E"
55,Bitcoin,56,0.0258,0.184,0.176,0.64,1532362498.0,"Truth revealed: Is BCH development activity lower than BTC?

https://t.co/fUYdR1f7BE"
56,Bitcoin,57,0.4404,0.116,0.0,0.884,1532314128.0,RT @BitcoinCashFund: Did you know we are now have 100+ #BCH meetups across the world? Thanks to all our Ambassadors and Bitcoincashers arou‚Ä¶
57,Bitcoin,58,0.0,0.0,0.0,1.0,1532313985.0,"""Many of those investing in high supply coins may not fully understand concepts such as digital scarcity. Investors‚Ä¶ https://t.co/U7n0LCj0qv"
58,Bitcoin,59,0.3109,0.275,0.19,0.536,1532311467.0,"Great article: Bitcoin Cash (BCH) Debunking the FUD

https://t.co/GFE5FLXpna https://t.co/6iY19EXLRZ"
59,Bitcoin,60,-0.3612,0.105,0.193,0.702,1532222797.0,@JaeSea1 You say no one cares and yet hating on $BCH is the only thing any of you seem able to talk about.
60,Bitcoin,61,0.0,0.0,0.0,1.0,1532222718.0,@GregTaurus0x According to this chart it's one of the least shilled coins. There seems to be an inverse correlation‚Ä¶ https://t.co/E3hlTfD0Zm
61,Bitcoin,62,0.0,0.0,0.0,1.0,1532222651.0,@cage0056 #ThatHappened
62,Bitcoin,63,-0.296,0.0,0.104,0.896,1532222289.0,"This chart is being passed around as ""proof"" that there is no development happening on #BitcoinCash. What the chart‚Ä¶ https://t.co/hvv9rg75Zg"
63,Bitcoin,64,0.2263,0.087,0.0,0.913,1532220896.0,Bitcoin Cash Dozer is a simple in-browser game based on the coin-pusher style of arcade game. Each token is worth a‚Ä¶ https://t.co/7tDFHoA61p
64,Bitcoin,65,0.5719,0.171,0.0,0.829,1532050562.0,In twelve days the Bitcoin Cash community will be celebrating the anniversary of the blockchain split that occurred‚Ä¶ https://t.co/V0X9qM2APO
65,Bitcoin,66,0.2003,0.079,0.051,0.87,1532050201.0,"RT @RealRossU: Hi, this is Ross! I‚Äôm hoping to find my voice here after all these years of silence. It has been a strange journey, but I‚Äôm‚Ä¶"
66,Bitcoin,67,0.4019,0.144,0.0,0.856,1531893708.0,"Software developers associated with the mining giant Bitmain plan on launching a smart contract protocol, called Wo‚Ä¶ https://t.co/0Zt3pLLlqa"
67,Bitcoin,68,0.3612,0.128,0.0,0.872,1531877622.0,Pledging to donate another $100 to @eatBCH if @ToneVays will agree to go on your show. #BitcoinCash https://t.co/Imq449c0WM
68,Bitcoin,69,0.0,0.0,0.0,1.0,1531825560.0,"VIDEO: Overview of tokens on #BitcoinCash, by @ryanxcharles

https://t.co/qQiNPnHdns"
69,Bitcoin,70,0.0,0.0,0.0,1.0,1531821720.0,"https://t.co/6YhVDoEdcm now features a https://t.co/AplaaKcRqG building, visualizing posts and other user actions o‚Ä¶ https://t.co/3mJT84w6O6"
70,Bitcoin,71,0.0,0.0,0.0,1.0,1531818300.0,Coinbase Inc. said it got the green light from U.S. watchdogs to move forward with a trio of acquisitions that will‚Ä¶ https://t.co/DBbVDQ9oHV
71,Bitcoin,72,0.0,0.0,0.0,1.0,1531815575.0,"LINE Corporation today began operations of https://t.co/PrZgEOyNdV, its cryptocurrency exchange based in Singapore.‚Ä¶ https://t.co/wVKakaLHsB"
72,Bitcoin,73,0.0,0.0,0.0,1.0,1531815439.0,"@TiKawamoto @CryptoGainz1 @lopp Hodling only, and not using as currency, implies a singular focus on price."
73,Bitcoin,74,0.0,0.0,0.0,1.0,1531815343.0,@ADi_Bahri @arjunblj #BTC is prone to congestion and extremely high fees ($50 per transaction last December). What‚Ä¶ https://t.co/HsRufIFIFq
74,Bitcoin,75,0.3818,0.094,0.0,0.906,1531814851.0,"RT @PeterRizun: Due to the need to be online to get paid, LN users will have custodial accounts with LN hubs. The credit extended to users‚Ä¶"
75,Bitcoin,76,0.0,0.0,0.0,1.0,1531809186.0,"There are #BitcoinCash meetups happening in cities all across the globe. Find a local meetup, or start your own!‚Ä¶ https://t.co/L73vBqvKhi"
76,Bitcoin,77,0.0,0.0,0.0,1.0,1531799506.0,"BitPay is the eighth company to receive a BitLicense from the NYDFS, joining other crypto-related firms such as Squ‚Ä¶ https://t.co/3PaUsOhcj7"
77,Bitcoin,78,0.4019,0.213,0.0,0.787,1531792108.0,"Wormhole Smart Contracts Protocol for #BitcoinCash Proposed by Bitmain Developers

https://t.co/5ROflPBZZt"
78,Bitcoin,79,0.0772,0.058,0.0,0.942,1531789107.0,"""Bitcoin is the blockchain, and if we want to scale Bitcoin, we have to scale the blockchain. Off-chain is off Bitc‚Ä¶ https://t.co/nQKJzRgDiL"
79,Bitcoin,80,0.0,0.0,0.0,1.0,1531783692.0,Why #BitcoinCash? https://t.co/IxEZi5gh5i
80,Bitcoin,81,0.0,0.0,0.0,1.0,1531712917.0,Google now providing real time price conversion information for #BitcoinCash https://t.co/eSztDilcmI
81,Bitcoin,82,0.4404,0.162,0.0,0.838,1531711335.0,"@sospndd @FortuneMagazine With #BitcoinCash, 0-confirmation transactions are safe. You don't need to wait for a con‚Ä¶ https://t.co/BbGyLnjI0L"
82,Bitcoin,83,0.0,0.0,0.0,1.0,1531711094.0,"BCH Roundup: Steady Development, Market Uptrends, and New Apps

https://t.co/SsH4msX0XM"
83,Bitcoin,84,-0.0516,0.122,0.133,0.745,1531703184.0,@paaerle @CryptGold @FortuneMagazine This is undermining Bitcoin? It's just a cool way to visualize the differences‚Ä¶ https://t.co/rvWVC767Ii
84,Bitcoin,85,-0.4215,0.0,0.359,0.641,1531702678.0,@CryptGold @FortuneMagazine Why is it useless?
85,Bitcoin,86,0.4767,0.227,0.0,0.773,1531702385.0,A new website that visualizes Bitcoin transactions as bus passengers offers some surprisingly compelling insights i‚Ä¶ https://t.co/a717GHvwLM
86,Bitcoin,87,-0.5719,0.0,0.251,0.749,1531630479.0,@manelomanu @PHuggins1993 @deeponion @DeepOnionx No. These DeepOnion shills carpet-bomb all of crypto Twitter with their spam.
87,Bitcoin,88,-0.5943,0.0,0.188,0.812,1531630393.0,/r/Bitcoin mods nuke thread asking why not increase the BTC block size to 2MB. 25 out of 25 comments removed by mod‚Ä¶ https://t.co/MS1Sw8eZns
88,Bitcoin,89,0.0,0.0,0.0,1.0,1531620769.0,"Control 49% of the entire Lightning Network, and you, too, can earn $0.028 for your efforts.

https://t.co/wXcbiJD588"
89,Bitcoin,90,0.7506,0.293,0.067,0.64,1531578313.0,"RT @yhaiyang: We would like to reward 1 million CET to the first team that bring token solution to BCH, no matter Omni or sidechain. And we‚Ä¶"
90,Bitcoin,91,-0.4215,0.0,0.189,0.811,1531552367.0,"More Cryptocurrency Transfers Needed To Aid Struggling Venezuelans, Think Tank Urges #BitcoinCash

https://t.co/QPSP5TPqAO"
91,Bitcoin,92,0.7213,0.173,0.0,0.827,1531552302.0,RT @eatBCH_SS: We brought food to a new location this week! Over 400 elderly women *haboobat* in Mahad idp camp were so happy to receive su‚Ä¶
92,Bitcoin,93,0.0,0.0,0.0,1.0,1531481580.0,"https://t.co/nUUaH1g9XP is bringing on-chain, non-custodial #BitcoinCash wallets to the 1 billion+ users of WeChat‚Ä¶ https://t.co/rWXi1qbwoX"
93,Bitcoin,94,0.6597,0.265,0.0,0.735,1531473900.0,https://t.co/Yl9ixb7Ra0 now supports the cashaddr address format for #BitcoinCash. Buy video game keys and gift car‚Ä¶ https://t.co/u0xpohNw6o
94,Bitcoin,95,0.4215,0.167,0.0,0.833,1531470000.0,"""Today I‚Äôm releasing https://t.co/TTpehnIiqN, a powerful OP_RETURN trend analytics engine. Now you can get insights‚Ä¶ https://t.co/pDuquoVBCA"
95,Bitcoin,96,0.2263,0.091,0.0,0.909,1531462980.0,A recent study prepared by ICO advisory firm Statis Group revealed that more than 80 percent of initial coin offeri‚Ä¶ https://t.co/HqcjrwUpGm
96,Bitcoin,97,0.0,0.0,0.0,1.0,1531457520.0,"In December, a new privacy protocol, Cash Shuffle, was released for #BitcoinCash users. Cash Shuffle will be releas‚Ä¶ https://t.co/nteMrpOHjA"
97,Bitcoin,98,-0.5267,0.0,0.314,0.686,1531452000.0,Falling Bitcoin Drags Down GPU Prices: Bitcoin‚Äôs downturn and cryptomining‚Äôs slowdown has affected the demand for g‚Ä¶ https://t.co/Hu63ru19Fa
98,Bitcoin,99,0.2263,0.112,0.0,0.888,1531451311.0,"@BitcoinDynamics @aantonop If ease-of-use and user experience take priority to premature optimizations, why was the‚Ä¶ https://t.co/ZDlOcH0Gjl"
99,Bitcoin,100,0.0516,0.122,0.113,0.766,1531447620.0,"Replace ""Lightning Network"" with ""Bitcoin"" in this @aantonop quote and it becomes a direct argument in favor of on-‚Ä¶ https://t.co/6GOlg00E4M"
100,Bitcoin,101,0.6486,0.227,0.0,0.773,1531444221.0,Cryptocurrencies are far too volatile to be considered good stores of value at this point in time. #BitcoinCash sti‚Ä¶ https://t.co/okOLU98Ahi
101,Bitcoin,102,-0.743,0.067,0.264,0.669,1531442562.0,@BitPay Companies who used to accept BTC but stopped because of high fees and bad user experience should start acce‚Ä¶ https://t.co/0xVxxLSJqF
102,Bitcoin,103,0.0,0.0,0.0,1.0,1531442260.0,"Bitcoin Cash is now open for trading on Robinhood Crypto @RobinhoodApp

https://t.co/GFdssjGyI2"
103,Bitcoin,104,0.0,0.0,0.0,1.0,1531369560.0,"""There is a big difference between a mere crypto-asset and a crypto-currency. A currency is supposed to be spent, a‚Ä¶ https://t.co/oyMvdAswF7"
104,Bitcoin,105,0.8016,0.356,0.0,0.644,1531363380.0,CashShuffle alpha test was a success! Exciting to see enhanced privacy features coming to #BitcoinCash‚Ä¶ https://t.co/HJeN4fq0kV
105,Bitcoin,106,0.0,0.0,0.0,1.0,1531357800.0,"A BCH Fueled Version of Patreon is Coming This August

#Bitcoin #BitcoinCash

https://t.co/l1HtFXW3je"
106,Bitcoin,107,0.0,0.0,0.0,1.0,1531354242.0,"Introducing https://t.co/7Vei53owuF: Developer Tooling, Cloud, and Market

#Bitcoin #BitcoinCash #Blockchain‚Ä¶ https://t.co/JxQ4L98Tjo"
107,Bitcoin,108,-0.3182,0.0,0.108,0.892,1531261699.0,"ICOs prey on the greedy. Only one use-case for blockchain has stood the test of time: peer-to-peer electronic cash.

https://t.co/ckSeJQ8Mfj"
108,Bitcoin,109,0.4404,0.139,0.0,0.861,1531184564.0,"RT @BlockchainPoker: #blockchainpoker now uses #BitcoinCash (BCH) by default as it provides a better experience than #bitcoin (BTC).

Try i‚Ä¶"
109,Bitcoin,110,0.0,0.0,0.0,1.0,1531002540.0,"Bitmain to Invest $50M in Opera Web Browser

https://t.co/ZmXOLoAxV5"
110,Bitcoin,111,0.0,0.0,0.0,1.0,1530996736.0,"Why gambling coins should bet on Bitcoin Cash, via @RealCoinGeek 

https://t.co/uObg96Zd7g"
111,Bitcoin,112,0.0,0.0,0.0,1.0,1530996649.0,@Gapsteri Your reply only works if Bitcoin is defined by a 3 letter typical symbol. Try reading Satoshi's whitepape‚Ä¶ https://t.co/8XcBHUCRTo
112,Bitcoin,113,0.0,0.0,0.0,1.0,1530963467.0,Is Bitcoin Cash really Bitcoin? Click here to find out: https://t.co/rctAPHuKjj https://t.co/VTOWTk8EZO
113,Bitcoin,114,0.7717,0.312,0.0,0.688,1530763620.0,Coinex account holders have been finding hundreds or thousands of dollars worth of free money credited to their bal‚Ä¶ https://t.co/kCy2RGPKyR
114,Bitcoin,115,-0.3818,0.0,0.206,0.794,1530758473.0,"Austrians: Don‚Äôt be Fooled by the Bitcoin Core Cargo Cult

https://t.co/MpaZh2WX58"
115,Bitcoin,116,0.4795,0.172,0.0,0.828,1530758436.0,@ssoeborg Imagine having a network so robust and cost-effective that this kind of stuff is actually possible.
116,Bitcoin,117,-0.34,0.0,0.194,0.806,1530674380.0,"Paul Krugman Trolls Ripple, Accidentally Making a Case for Bitcoin Cash

https://t.co/cejNnEXN1J"
117,Bitcoin,118,-0.4215,0.0,0.123,0.877,1530592680.0,September 1st will be the first stress test day for #BitcoinCash. Engineers and users will flood the network with t‚Ä¶ https://t.co/XiOTcBnD8c
118,Bitcoin,119,0.0,0.0,0.0,1.0,1530590459.0,"[RELEASE] Lighthouse, decentralized crowdfunding powered by Bitcoin Cash

https://t.co/bFQ69wf4f7 https://t.co/DxrSZaQkec"
119,Bitcoin,120,0.0,0.0,0.0,1.0,1530588420.0,"SBI Holdings Bringing New Crypto Exchange Featuring Bitcoin Cash to 23 Million Customers

https://t.co/cz93EOh2u8"
120,Bitcoin,121,0.1779,0.108,0.0,0.892,1530582900.0,"""Coinbase Custody is a combination of Coinbase‚Äôs battle-tested cold storage for crypto assets, an institutional-gra‚Ä¶ https://t.co/UtwTJ7bxDk"
121,Bitcoin,122,0.0516,0.098,0.0,0.902,1530581756.0,"Markets Update: Coinex Dominates Volume Rankings As Markets Rally to $6,600

https://t.co/T87T9sfDOD"
122,Bitcoin,123,0.0,0.0,0.0,1.0,1530577936.0,"Bitcoin Cash: Everything You Need to Know! by @PurseIO

https://t.co/ypO63hOzmY"
123,Bitcoin,124,0.2716,0.099,0.0,0.901,1530491374.0,One of the most important types of data are the digital signatures that prove a coin was transferred properly. The‚Ä¶ https://t.co/Ssz4GcEMxZ
124,Bitcoin,125,0.5423,0.194,0.055,0.751,1530345660.0,Did you know you can save 20% or more on every purchase on Amazon when you pay with #BitcoinCash through @PurseIO?‚Ä¶ https://t.co/zSU7z6HEdo
125,Bitcoin,126,0.3182,0.15,0.0,0.85,1530334920.0,CashFlow - Anonymous Bitcoin Cash payment processor with 0-conf that respects your privacy #PayWithBitcoin‚Ä¶ https://t.co/noH8zUmYjE
126,Bitcoin,127,-0.4019,0.109,0.222,0.669,1530331140.0,"Sad day for BTC: Expedia Confirms No Longer Accepting Bitcoin Core (BTC) For Payments

Hey @Expedia, #BitcoinCash s‚Ä¶ https://t.co/jzN0xt1s4W"
127,Bitcoin,128,0.3612,0.161,0.0,0.839,1530327360.0,Looks like https://t.co/FEjUTrgigq just got a major facelift. Bitcoin is a peer-to-peer electronic cash system.‚Ä¶ https://t.co/zgRJ71W29F
128,Bitcoin,129,0.0,0.0,0.0,1.0,1530323580.0,"CoinText Cryptocurrency Wallet to Transact Without Internet Raises $600,000 in Seed Funding

Way to go @CoinText!

https://t.co/DvbzabPxVN"
129,Bitcoin,130,0.0,0.0,0.0,1.0,1530320156.0,@zafiralovely @tipprbot $1 @tipprbot
130,Bitcoin,131,0.6114,0.166,0.0,0.834,1530319920.0,"Bitcoin Cash is now faster than lightning on Keys4Coins! Buy video game keys with BCH. 

""We are happy to announce‚Ä¶ https://t.co/AvfAQDqmnK"
131,Bitcoin,132,0.0,0.0,0.0,1.0,1530318795.0,@iamchrischee $1 @tipprbot
132,Bitcoin,133,0.0,0.0,0.0,1.0,1530318502.0,"@iamchrischee https://t.co/fw2OkcCVsS

https://t.co/OdgKZhqpSz"
133,Bitcoin,134,0.0,0.0,0.0,1.0,1530317448.0,@NoGodNorGov @chrispalasz @jratcliff Bitcoin Cash does everything that BTC used to be able to do. $1 @tipprbot
134,Bitcoin,135,0.0,0.0,0.0,1.0,1530316681.0,@jratcliff  https://t.co/EbR1RDUC0d
135,Bitcoin,136,0.0,0.0,0.0,1.0,1530316245.0,@nefitty  https://t.co/hUp7uDWdZK
136,Bitcoin,137,0.34,0.13,0.0,0.87,1530316140.0,"Bitdb is a decentralized, NoSQL database powered by Bitcoin. Anyone can now easily build decentralized Bitcoin apps‚Ä¶ https://t.co/OcC4IA05xO"
137,Bitcoin,138,0.5411,0.149,0.0,0.851,1530311141.0,"#BitcoinCash is live on Purse! This July, get $10 cashback in BCH when you shop and save money on @PurseIO‚Ä¶ https://t.co/gVDRhv8IKn"
138,Bitcoin,139,0.0,0.0,0.0,1.0,1530244980.0,"Fully open-source Electron Cash wallet is now available for iOS devices! 

https://t.co/5ASVALgUSm https://t.co/lPglCWc2CM"
139,Bitcoin,140,0.0,0.0,0.0,1.0,1530238648.0,RT @BittBurger: CEO of Coinbase after meeting with the #Bitcoin Core Developers: https://t.co/aYWvaP8PgU
140,Bitcoin,141,-0.5707,0.0,0.216,0.784,1530236698.0,"@Lucid420 ""There's no cult,"" says the guy dressed from head to toe in Blockstream swag. ""Nope, no agenda here!"""
141,Bitcoin,142,0.3182,0.113,0.0,0.887,1530235913.0,"Guy in Blockstream shirt and Dragons Den hat: ""The original Bitcoin whitepaper doesn't work.""

If they think Bitcoi‚Ä¶ https://t.co/zID6Mi7Mmn"
142,Bitcoin,143,0.5994,0.224,0.0,0.776,1530235160.0,The Supreme Court announced this morning that it will not reconsider the conviction and life sentence without parol‚Ä¶ https://t.co/7MaKHGIc3F
143,Bitcoin,144,0.5719,0.252,0.0,0.748,1530157740.0,"Lightning Network has 1% success rate with transactions larger than $300

https://t.co/ni8MttjTyF"
144,Bitcoin,145,0.0,0.0,0.0,1.0,1530156008.0,"ChainBet Protocol - P2P Betting on the #BitcoinCash Blockchain

https://t.co/2OOVo7MnF9 https://t.co/U0Hv2Su766"
145,Bitcoin,146,0.5848,0.23,0.062,0.708,1530152778.0,#BitcoinCash is now available on https://t.co/26fO2216ju! Save 15% or more buying items from Amazon when you pay wi‚Ä¶ https://t.co/MuTsVKJXSf
146,Bitcoin,147,0.0,0.0,0.0,1.0,1529635207.0,@BCHcain @imkeshav @r0bbot @CoinText @BitcoinCom @YoursOrg $10 @tipprbot
147,Bitcoin,148,0.0,0.0,0.0,1.0,1529635191.0,"@SasaJesic @CoinText @BitcoinCom @YoursOrg Nope, those are on-chain transactions. You can do the exact same demo yourself to verify."
148,Bitcoin,149,0.6249,0.298,0.0,0.702,1529623320.0,"Filipinos can now easily access Bitcoin Cash‚Äîhttps://t.co/3oT3Su1qri adds BCH support to their wallet

https://t.co/33yE0AyjsB"
149,Bitcoin,150,0.0,0.0,0.0,1.0,1529622700.0,@Lone_Wanderer87 @CoinText @BitcoinCom @YoursOrg Average transaction fee on BCH is $0.001
150,cryptocurrency,1,0.0,0.0,0.0,1.0,1533188842.0,Multinational investment bank Morgan Stanley has hired a self-described crypto trading expert and 12-year veteran o‚Ä¶ https://t.co/AwWBcn5hM3
151,cryptocurrency,2,0.0,0.0,0.0,1.0,1532914104.0,Check out our actual Global Market Cap visualization! #bitcoin #btc #bitcoinprice #blockchain #cryptocurrency‚Ä¶ https://t.co/FKkKr9uFZo
152,cryptocurrency,3,0.0,0.0,0.0,1.0,1532913990.0,Check out our actual TOP10 CryptoCurrency price index! #bitcoin #btc #bitcoinprice #blockchain #cryptocurrency‚Ä¶ https://t.co/Jtj1a01e7S
153,cryptocurrency,4,0.2023,0.083,0.0,0.917,1532910291.0,Research into the top ten crypto deals in 2017 based on their investment returns (ROI) has revealed that on average‚Ä¶ https://t.co/lItdCVYKLT
154,cryptocurrency,5,0.0,0.0,0.0,1.0,1532484719.0,Check out our actual TOP10 CryptoCurrency price index! #bitcoin #btc #bitcoinprice #blockchain #cryptocurrency‚Ä¶ https://t.co/LfzeTGxAgC
155,cryptocurrency,6,0.0772,0.109,0.095,0.796,1532483990.0,The U.S. Securities and Exchange Commission (SEC) has delayed making a decision on whether to approve five bitcoin-‚Ä¶ https://t.co/JEMfGeQi7S
156,cryptocurrency,7,0.0,0.0,0.0,1.0,1532399995.0,Check out our actual TOP10 CryptoCurrency price index! #bitcoin #btc #bitcoinprice #blockchain #cryptocurrency‚Ä¶ https://t.co/eNmTU9piK5
157,cryptocurrency,8,0.0,0.0,0.0,1.0,1532399774.0,"Bitcoin's price has climbed back above $8,000 for the first time in two months, data shows. #Bitcoin #CryptoCurrency https://t.co/D0T0aiIBvX"
158,cryptocurrency,9,0.0,0.0,0.0,1.0,1532317023.0,Check out our actual TOP10 CryptoCurrency price index! #bitcoin #btc #bitcoinprice #blockchain #cryptocurrency‚Ä¶ https://t.co/oKv4GGeXc9
159,cryptocurrency,10,0.0,0.0,0.0,1.0,1532315922.0,Celebs and Crypto: A Mixed Bag of Crypto Collaboration #CryptoCurrency #Bitcoin https://t.co/NwvD8U0BAH
160,cryptocurrency,11,0.5267,0.265,0.0,0.735,1532308606.0,The emergence of blockchain technology has piqued the interest of a number of different sectors across global socie‚Ä¶ https://t.co/oifnKBe6go
161,cryptocurrency,12,0.0,0.0,0.0,1.0,1531981714.0,Toronto-based Bitcoin mining company Hut 8 has announced the completion of its second mining facility in Canada.‚Ä¶ https://t.co/UQK4SPmyI4
162,cryptocurrency,13,0.0,0.0,0.0,1.0,1531981269.0,Check out our actual TOP10 CryptoCurrency price index! #bitcoin #btc #bitcoinprice #blockchain #cryptocurrency‚Ä¶ https://t.co/h7rYmCiDap
163,cryptocurrency,14,0.0,0.0,0.0,1.0,1531798766.0,Check out our actual Global Market Cap visualization! #bitcoin #btc #bitcoinprice #blockchain #cryptocurrency‚Ä¶ https://t.co/n8ZoshpFVW
164,cryptocurrency,15,0.0,0.0,0.0,1.0,1531787299.0,Check out our actual TOP10 CryptoCurrency price index! #bitcoin #btc #bitcoinprice #blockchain #cryptocurrency‚Ä¶ https://t.co/TsjClbTUdS
165,cryptocurrency,16,0.0,0.0,0.0,1.0,1531787152.0,The Financial Stability Board (FSB) has presented a report to the G20 Finance Ministers and Central Bank Governors‚Ä¶ https://t.co/IrAB8JB2Ti
166,cryptocurrency,17,0.0,0.0,0.0,1.0,1531726827.0,"SIX Group, the parent company of Switzerland‚Äôs principal stock exchange, has revealed that it is ‚Äúopen‚Äù to the poss‚Ä¶ https://t.co/Ijfa3GQ9C0"
167,cryptocurrency,18,0.0,0.0,0.0,1.0,1531702479.0,Check out our actual TOP10 CryptoCurrency price index! #bitcoin #btc #bitcoinprice #blockchain #cryptocurrency‚Ä¶ https://t.co/bGC51v2NZl
168,cryptocurrency,19,0.296,0.176,0.0,0.824,1531444992.0,"The world‚Äôs second largest crypto exchange, Binance, is backing plans to create a blockchain-based bank with tokeni‚Ä¶ https://t.co/MlOOt1a8zo"
169,cryptocurrency,20,0.0,0.0,0.0,1.0,1531281819.0,Daily Crypto curiosity. #bitcoin #btc #bitcoinprice #blockchain #cryptocurrency #crypto #bitcoins #digitalcurrency‚Ä¶ https://t.co/sJRLvkuVZM
170,cryptocurrency,21,0.0,0.0,0.0,1.0,1531281711.0,Check out our actual TOP10 CryptoCurrency price index! #bitcoin #btc #bitcoinprice #blockchain #cryptocurrency‚Ä¶ https://t.co/sguken4mKk
171,cryptocurrency,22,0.0,0.0,0.0,1.0,1531273168.0,The Opera web browser for Android is launching a private beta version that will include a built-in crypto wallet!‚Ä¶ https://t.co/caFHTthbv7
172,cryptocurrency,23,0.0,0.0,0.0,1.0,1531121952.0,The Central Bank of Korea releases a report just after new laws legitimise cryptocurrency businesses.‚Ä¶ https://t.co/QCm1F5c3j8
173,cryptocurrency,24,0.4588,0.158,0.0,0.842,1531112026.0,"RT @eth_classic: Google Trends: Interest in ""Ethereum Classic Prediction"" Increases Nearly 6x üìà
#EthereumClassic #ClassicIsComing https://t‚Ä¶"
174,cryptocurrency,25,0.0,0.0,0.0,1.0,1531099236.0,Daily Crypto curiosity. #bitcoin #btc #bitcoinprice #blockchain #cryptocurrency #crypto #bitcoins #digitalcurrency‚Ä¶ https://t.co/grODFxi2oi
175,cryptocurrency,26,0.0,0.0,0.0,1.0,1531097046.0,Check out our actual Global Market Cap visualization! #bitcoin #btc #bitcoinprice #blockchain #cryptocurrency‚Ä¶ https://t.co/YWy2CBw0Cv
176,cryptocurrency,27,0.0,0.0,0.0,1.0,1531096873.0,Check out our actual TOP10 CryptoCurrency price index! #bitcoin #btc #bitcoinprice #blockchain #cryptocurrency‚Ä¶ https://t.co/qdqa4Vp4rS
177,cryptocurrency,28,0.0,0.0,0.0,1.0,1531096447.0,Analysts for Bernstein contended in a report published Friday that the cryptocurrency ecosystem is developing an al‚Ä¶ https://t.co/FLVw8omORw
178,cryptocurrency,29,0.0,0.0,0.0,1.0,1530851874.0,"Ethereum is in the midst of a ""gas crisis."" #Ethereum #CryptoCurrency https://t.co/4WPieOUIlQ"
179,cryptocurrency,30,0.0,0.0,0.0,1.0,1530843965.0,Daily Crypto curiosity. #bitcoin #btc #bitcoinprice #blockchain #cryptocurrency #crypto #bitcoins #digitalcurrency‚Ä¶ https://t.co/WLd7hNzFkn
180,cryptocurrency,31,0.0,0.0,0.0,1.0,1530842236.0,Check out our actual Global Market Cap visualization! #bitcoin #btc #bitcoinprice #blockchain #cryptocurrency‚Ä¶ https://t.co/AzXjw5faJE
181,cryptocurrency,32,0.0,0.0,0.0,1.0,1530841890.0,Check out our actual TOP10 CryptoCurrency price index! #bitcoin #btc #bitcoinprice #blockchain #cryptocurrency‚Ä¶ https://t.co/RwneVI3OYW
182,cryptocurrency,33,0.0,0.0,0.0,1.0,1530749566.0,The Parliament of Malta has passed three bills into law that establish a regulatory framework for blockchain techno‚Ä¶ https://t.co/iPavUkKL40
183,cryptocurrency,34,0.0,0.0,0.0,1.0,1530684630.0,Check out our actual TOP10 CryptoCurrency price index! #bitcoin #btc #bitcoinprice #blockchain #cryptocurrency‚Ä¶ https://t.co/5Ogk2hpmGZ
184,cryptocurrency,35,0.0,0.0,0.0,1.0,1530683624.0,Singapore Startup Launches Exchange to Combine Tokens and Fiat Transactions. #CryptoCurrency https://t.co/csgGXkdF94
185,cryptocurrency,36,0.0,0.0,0.0,1.0,1530503191.0,Check out our actual TOP10 CryptoCurrency price index! #bitcoin #btc #bitcoinprice #blockchain #cryptocurrency‚Ä¶ https://t.co/rd48ueDqvW
186,cryptocurrency,37,0.0,0.0,0.0,1.0,1530500500.0,"Bitcoin detractors always spout that the coin will go to zero, but is that even a possibility nowadays? #Bitcoin‚Ä¶ https://t.co/SXOi1TyI4l"
187,cryptocurrency,38,0.0,0.0,0.0,1.0,1530161520.0,Check out our actual Global Market Cap visualization! #bitcoin #btc #bitcoinprice #blockchain #cryptocurrency‚Ä¶ https://t.co/PUAngfaECE
188,cryptocurrency,39,0.0,0.0,0.0,1.0,1530160917.0,Check out our actual TOP10 CryptoCurrency price index! #bitcoin #btc #bitcoinprice #blockchain #cryptocurrency‚Ä¶ https://t.co/moSpbH0bm0
189,cryptocurrency,40,0.0,0.0,0.0,1.0,1530064380.0,Check out our actual TOP10 CryptoCurrency price index! #bitcoin #btc #bitcoinprice #blockchain #cryptocurrency‚Ä¶ https://t.co/umQTQ1SW1i
190,cryptocurrency,41,0.0,0.0,0.0,1.0,1529891872.0,"Defunct Bitcoin exchange Mt. Gox has formally entered civil rehabilitation proceedings, officials announced June 22. https://t.co/UCTwrC2ONG"
191,cryptocurrency,42,-0.34,0.0,0.167,0.833,1529888727.0,"21e800: Bitcoin, Satoshi and the Mystery Twitter Is Obsessing Over. #Bitcoin #CryptoCurrency https://t.co/c33mXgyICB"
192,cryptocurrency,43,0.0,0.0,0.0,1.0,1529888443.0,Check out our actual TOP10 CryptoCurrency price index! #bitcoin #btc #bitcoinprice #blockchain #cryptocurrency‚Ä¶ https://t.co/oiX4DxKwtj
193,cryptocurrency,44,0.0,0.0,0.0,1.0,1529561126.0,Daily Crypto curiosity. @bjork #bitcoin #btc #bitcoinprice #blockchain #cryptocurrency #crypto #bitcoins‚Ä¶ https://t.co/vZVhwatFhW
194,cryptocurrency,45,0.0,0.0,0.0,1.0,1529560686.0,The recent hack of leading crypto exchange Bithumb ‚Äúdoesn‚Äôt really change the fundamentals of Bitcoin‚Äù Litecoin (LT‚Ä¶ https://t.co/CQbw0kqBc0
195,cryptocurrency,46,-0.4019,0.0,0.197,0.803,1529560605.0,Crypto Cries Foul In Wake of Tether's Dollar Token Report. #CryptoCurrency https://t.co/wUWZkuUA3B
196,cryptocurrency,47,0.0,0.0,0.0,1.0,1529542929.0,Check out our actual TOP10 CryptoCurrency price index! #bitcoin #btc #bitcoinprice #blockchain #cryptocurrency‚Ä¶ https://t.co/OMOilAAUzC
197,cryptocurrency,48,-0.296,0.0,0.109,0.891,1529480847.0,Anti-virus pioneer and crypto evangelist John McAfee tweeted that he will no longer work with initial coin offering‚Ä¶ https://t.co/wiFFJVIqcT
198,cryptocurrency,49,0.5574,0.184,0.0,0.816,1529479895.0,Goldman Sachs CEO Lloyd Blankfein reiterated his positive stance on cryptocurrencies in an interview with Bloomberg‚Ä¶ https://t.co/8L8lIaZVuc
199,cryptocurrency,50,0.0,0.0,0.0,1.0,1529478018.0,Check out our actual TOP10 CryptoCurrency price index! #bitcoin #btc #bitcoinprice #blockchain #cryptocurrency‚Ä¶ https://t.co/l3GH3O3RGG
200,cryptocurrency,51,0.8126,0.331,0.0,0.669,1529025445.0,Gains are likely due to positive news that Ethereum (ETH) will not be regulated as a security under U.S. law.‚Ä¶ https://t.co/9VUHkiU7hc
201,cryptocurrency,52,0.0,0.0,0.0,1.0,1529025223.0,Check out our actual TOP10 CryptoCurrency price index! #bitcoin #btc #bitcoinprice #blockchain #cryptocurrency‚Ä¶ https://t.co/rH7Xg7GQlb
202,cryptocurrency,53,0.0,0.0,0.0,1.0,1528765196.0,Check out our actual Global Market Cap visualization! #bitcoin #btc #bitcoinprice #blockchain #cryptocurrency‚Ä¶ https://t.co/SeAN96uBMr
203,cryptocurrency,54,0.4019,0.144,0.0,0.856,1528765035.0,American cryptocurrency exchange Coinbase announced June 11 that they will support Ethereum Classic (ETC) on their‚Ä¶ https://t.co/oLyUeG2iKH
204,cryptocurrency,55,0.0,0.0,0.0,1.0,1528764875.0,TRON Cryptocurrency Founder Acquired BitTorrent. #CryptoCurrency #TRX https://t.co/buclEyEHop
205,cryptocurrency,56,0.0,0.0,0.0,1.0,1528763423.0,Check out our actual TOP10 CryptoCurrency price index! #bitcoin #btc #bitcoinprice #blockchain #cryptocurrency‚Ä¶ https://t.co/EJpVqN9kDI
206,cryptocurrency,57,0.6808,0.211,0.0,0.789,1528761518.0,"RT @coinbase: We are pleased to announce our intention to add support for Ethereum Classic (ETC) on Coinbase in the coming months.

https:/‚Ä¶"
207,cryptocurrency,58,0.0,0.0,0.0,1.0,1528677542.0,Check out our actual Global Market Cap visualization! #bitcoin #btc #bitcoinprice #blockchain #cryptocurrency‚Ä¶ https://t.co/bimp7kW3F2
208,cryptocurrency,59,-0.2732,0.0,0.095,0.905,1528677239.0,"Crypto markets have seen a sharp drop, in the wake of the news that the US Commodity Futures Trading Commission (CF‚Ä¶ https://t.co/IgIUVH9wRd"
209,cryptocurrency,60,0.0,0.0,0.0,1.0,1528677155.0,Check out our actual TOP10 CryptoCurrency price index! #bitcoin #btc #bitcoinprice #blockchain #cryptocurrency‚Ä¶ https://t.co/fFxtLkuQoO
210,cryptocurrency,61,0.0,0.0,0.0,1.0,1528352516.0,Hypothekarbank Lenzburg has become the first bank in Switzerland to provide business accounts to blockchain and cry‚Ä¶ https://t.co/CajmaVrewk
211,cryptocurrency,62,0.0,0.0,0.0,1.0,1528339056.0,Check out our actual TOP10 CryptoCurrency price index! #bitcoin #btc #bitcoinprice #blockchain #cryptocurrency‚Ä¶ https://t.co/lXI0FjNdwr
212,cryptocurrency,63,0.0,0.0,0.0,1.0,1528079133.0,Daily Crypto curiosity. @LuisSuarez9 #bitcoin #btc #bitcoinprice #blockchain #cryptocurrency #crypto #bitcoins‚Ä¶ https://t.co/OMJguRbT9s
213,cryptocurrency,64,0.0,0.0,0.0,1.0,1528075960.0,British company Juniper Research recently published a study which suggests that the use of blockchain technology by‚Ä¶ https://t.co/ZcbtHhxE1D
214,cryptocurrency,65,0.0,0.0,0.0,1.0,1528075632.0,Check out our actual Global Market Cap visualization! #bitcoin #btc #bitcoinprice #blockchain #cryptocurrency‚Ä¶ https://t.co/9mpjaYDPZN
215,cryptocurrency,66,-0.34,0.0,0.118,0.882,1528075529.0,"Visa has said that their card payments are experiencing disruptions across Britain and Europe, the BBC reports toda‚Ä¶ https://t.co/OGnbhzW3Ny"
216,cryptocurrency,67,0.0,0.0,0.0,1.0,1528075395.0,Check out our actual TOP10 CryptoCurrency price index! #bitcoin #btc #bitcoinprice #blockchain #cryptocurrency‚Ä¶ https://t.co/RmahqpzYAY
217,cryptocurrency,68,0.0,0.0,0.0,1.0,1527831219.0,Check out our actual Global Market Cap visualization! #bitcoin #btc #bitcoinprice #blockchain #cryptocurrency‚Ä¶ https://t.co/Kbqb9Rok0F
218,cryptocurrency,69,0.0,0.0,0.0,1.0,1527820821.0,Check out our actual TOP10 CryptoCurrency price index! #bitcoin #btc #bitcoinprice #blockchain #cryptocurrency‚Ä¶ https://t.co/Ycnov8uEMy
219,cryptocurrency,70,0.0,0.0,0.0,1.0,1527820356.0,Japanese crypto exchange BitTrade has been acquired for S$67 mln ($50 mln) by a Singaporean multi-millionaire and e‚Ä¶ https://t.co/lcITpScYvT
220,cryptocurrency,71,0.0,0.0,0.0,1.0,1527743974.0,Check out our actual Global Market Cap visualization! #bitcoin #btc #bitcoinprice #blockchain #cryptocurrency‚Ä¶ https://t.co/ejRLa9hfP6
221,cryptocurrency,72,0.0,0.0,0.0,1.0,1527736178.0,"Chinese President Xi Jinping has acknowledged the potential of blockchain in a speech this week, endorsing the nasc‚Ä¶ https://t.co/4p5FkJALvN"
222,cryptocurrency,73,0.0,0.0,0.0,1.0,1527735961.0,Check out our actual TOP10 CryptoCurrency price index! #bitcoin #btc #bitcoinprice #blockchain #cryptocurrency‚Ä¶ https://t.co/Cc6P7SZFbV
223,cryptocurrency,74,0.7003,0.279,0.0,0.721,1527735891.0,Ethereum Classic (ETC) has now successfully implemented a protocol upgrade that will ensure that mining remains via‚Ä¶ https://t.co/IbKGjpL4IH
224,cryptocurrency,75,-0.7783,0.0,0.291,0.709,1527563965.0,"The price of Ethereum (ETH) has fallen today, May 28, with tech site TrustNodes blaming the drop on a large sale of‚Ä¶ https://t.co/sFp30uNQsr"
225,cryptocurrency,76,0.0,0.0,0.0,1.0,1527478416.0,Check out our actual Global Market Cap visualization! #bitcoin #btc #bitcoinprice #blockchain #cryptocurrency‚Ä¶ https://t.co/NFopPBRJLf
226,cryptocurrency,77,0.0,0.0,0.0,1.0,1527477745.0,Ethereum classic (ETC) is set to fork in the coming days as part of a bid to diffuse a so-called 'bomb' in its code‚Ä¶ https://t.co/PoTa8lPNTI
227,cryptocurrency,78,0.128,0.086,0.0,0.914,1527473311.0,"The General Data Protection Regulation (GDPR), a sweeping and stringent European Union (EU) wide legal framework fo‚Ä¶ https://t.co/unjwplZz0Z"
228,cryptocurrency,79,0.0,0.0,0.0,1.0,1527473120.0,Check out our actual TOP10 CryptoCurrency price index! #bitcoin #btc #bitcoinprice #blockchain #cryptocurrency‚Ä¶ https://t.co/5vLMMuDehV
229,cryptocurrency,80,0.0,0.0,0.0,1.0,1527127992.0,Check out our actual Global Market Cap visualization! #bitcoin #btc #bitcoinprice #blockchain #cryptocurrency‚Ä¶ https://t.co/zR8eDy1GSB
230,cryptocurrency,81,0.2732,0.087,0.0,0.913,1527126821.0,"IBM CEO Virginia Rometty has announced that in the next two years the company is planning to create 1,800 jobs in F‚Ä¶ https://t.co/dqUtg0KTab"
231,cryptocurrency,82,0.0,0.0,0.0,1.0,1527054651.0,Check out our actual TOP10 CryptoCurrency price index! #bitcoin #btc #bitcoinprice #blockchain #cryptocurrency‚Ä¶ https://t.co/vxHBj4Gvzc
232,cryptocurrency,83,0.0,0.0,0.0,1.0,1527053070.0,"""Crypto the Latest in a Pattern of Alternative Currencies"". #CryptoCurrency https://t.co/aWFGusYEb3"
233,cryptocurrency,84,0.5106,0.268,0.0,0.732,1526959009.0,Initial Coin Offerings Are Setting Capital Free. #Ethereum #EthereumClassic https://t.co/rrzPbXUtX9
234,cryptocurrency,85,0.0,0.0,0.0,1.0,1526958140.0,Daily Crypto curiosity. @SnoopDogg #bitcoin #btc #bitcoinprice #blockchain #cryptocurrency #crypto #bitcoins‚Ä¶ https://t.co/GSFf4Q3Jjg
235,cryptocurrency,86,0.0,0.0,0.0,1.0,1526954024.0,Check out our actual TOP10 CryptoCurrency price index! #bitcoin #btc #bitcoinprice #blockchain #cryptocurrency‚Ä¶ https://t.co/PcWJo3DF5a
236,cryptocurrency,87,-0.2732,0.0,0.095,0.905,1526953425.0,"On May 18, the Bank of England released a staff working paper, laying out various scenarios of possible risks and f‚Ä¶ https://t.co/s1NabP9oat"
237,cryptocurrency,88,0.0,0.0,0.0,1.0,1526442402.0,Daily Crypto curiosity. @SIRINLABS #bitcoin #btc #bitcoinprice #blockchain #cryptocurrency #crypto #bitcoins‚Ä¶ https://t.co/mKChxygQKA
238,cryptocurrency,89,0.0,0.0,0.0,1.0,1526436953.0,Check out our actual TOP10 CryptoCurrency price index! #bitcoin #btc #bitcoinprice #blockchain #cryptocurrency‚Ä¶ https://t.co/5Swv927wCx
239,cryptocurrency,90,0.0,0.0,0.0,1.0,1526436527.0,Check out our actual Global Market Cap visualization! #bitcoin #btc #bitcoinprice #blockchain #cryptocurrency‚Ä¶ https://t.co/loJZ3aiDhr
240,cryptocurrency,91,0.4588,0.15,0.0,0.85,1526435417.0,"On May 8, developers released a planned improvement to Ethereum‚Äôs network ‚Äì a new version of the code of Casper.‚Ä¶ https://t.co/01h2ZTzHXO"
241,cryptocurrency,92,0.0,0.0,0.0,1.0,1526348951.0,Check out our actual TOP10 CryptoCurrency price index! #bitcoin #btc #bitcoinprice #blockchain #cryptocurrency‚Ä¶ https://t.co/DYnmS3Akoj
242,cryptocurrency,93,0.128,0.081,0.0,0.919,1526348410.0,"After listing Bitcoin futures in December of last year, CME launched two indexes tracking Ethereum on Monday.‚Ä¶ https://t.co/NlBIeuXXtG"
243,cryptocurrency,94,0.0,0.0,0.0,1.0,1526347957.0,CME Group Launches Ethereum Price Indexes In Partnership With Ethereum Futures Exchange. #Ethereum #CryptoCurrency https://t.co/loZWCwMPr9
244,cryptocurrency,95,0.0,0.0,0.0,1.0,1526275278.0,"ERC-20 Tokens, Explained #Ethereum #EthereumClassic #CryptoCurrency https://t.co/R9aFhAAMGM"
245,cryptocurrency,96,0.0,0.0,0.0,1.0,1526269213.0,Check out our actual Global Market Cap visualization! #bitcoin #btc #bitcoinprice #blockchain #cryptocurrency‚Ä¶ https://t.co/vwy8ORSnjK
246,cryptocurrency,97,0.0,0.0,0.0,1.0,1526269028.0,"According to Cheddar‚Äôs anonymous sources, people ‚Äúfamiliar with Facebook‚Äôs plans,‚Äù the social media giant is ‚Äúvery‚Ä¶ https://t.co/Bngok5rUio"
247,cryptocurrency,98,0.0,0.0,0.0,1.0,1526268895.0,Check out our actual TOP10 CryptoCurrency price index! #bitcoin #btc #bitcoinprice #blockchain #cryptocurrency‚Ä¶ https://t.co/tY6rlBO5m6
248,cryptocurrency,99,0.0,0.0,0.0,1.0,1526024313.0,"Upbit, South Korea's largest cryptocurrency exchange, is being investigated by local police and ten investigators f‚Ä¶ https://t.co/3dLHEzyf2m"
249,cryptocurrency,100,0.3612,0.161,0.0,0.839,1526007810.0,Digital asset trading service Crypto Facilities is launching ethereum futures contracts. #Ethereum #CryptoCurrency https://t.co/6SH3icicA7
250,cryptocurrency,101,0.0,0.0,0.0,1.0,1526007634.0,Check out our actual Global Market Cap visualization! #bitcoin #btc #bitcoinprice #blockchain #cryptocurrency‚Ä¶ https://t.co/cWD4jH241t
251,cryptocurrency,102,0.0,0.0,0.0,1.0,1526007600.0,Daily Curiosity. #bitcoin #btc #bitcoinprice #blockchain #cryptocurrency #crypto #bitcoins #digitalcurrency‚Ä¶ https://t.co/DSbnKitzry
252,cryptocurrency,103,0.0,0.0,0.0,1.0,1526007340.0,Check out our actual TOP10 CryptoCurrency price index! #bitcoin #btc #bitcoinprice #blockchain #cryptocurrency‚Ä¶ https://t.co/bVVgb4a42s
253,cryptocurrency,104,0.0,0.0,0.0,1.0,1526006439.0,"Huawei Technologies Co., has announced that mobile phone users will be able to download Bitcoin (BTC) wallets on ne‚Ä¶ https://t.co/TD9shNvBkk"
254,cryptocurrency,105,0.0,0.0,0.0,1.0,1525920231.0,Check out our actual TOP10 CryptoCurrency price index! #bitcoin #btc #bitcoinprice #blockchain #cryptocurrency‚Ä¶ https://t.co/jJohbH0S1O
255,cryptocurrency,106,0.0,0.0,0.0,1.0,1525915409.0,Daily Crypto curiosity. #bitcoin #btc #bitcoinprice #blockchain #cryptocurrency #crypto #bitcoins #digitalcurrency‚Ä¶ https://t.co/zqo89LVQZd
256,cryptocurrency,107,0.0,0.0,0.0,1.0,1525915042.0,"Bitcoin storage provider Xapo now holds about 7% of the world‚Äôs total Bitcoin supply in its vaults, ‚Äúroughly‚Äù amoun‚Ä¶ https://t.co/C70HpWGN1F"
257,cryptocurrency,108,0.0,0.0,0.0,1.0,1525851562.0,Check out our actual TOP10 CryptoCurrency price index! #bitcoin #btc #bitcoinprice #blockchain #cryptocurrency‚Ä¶ https://t.co/bqxFdtwTHW
258,cryptocurrency,109,0.0,0.0,0.0,1.0,1525826253.0,A new version of the code behind Casper has been published for wider scrutiny by auditors and client developers.‚Ä¶ https://t.co/049zYTM8cq
259,cryptocurrency,110,0.0,0.0,0.0,1.0,1525824176.0,"David Marcus, the head of Facebook‚Äôs messaging app Messenger, announced that the social media site is exploring pos‚Ä¶ https://t.co/gKzfpBvMkX"
260,cryptocurrency,111,-0.2023,0.101,0.133,0.766,1525744193.0,"‚ÄúMost ICOs are new startup projects, and have a high rate of failure, just like in traditional startups. This is no‚Ä¶ https://t.co/swecyCKqfb"
261,cryptocurrency,112,0.0,0.0,0.0,1.0,1525742219.0,Check out our actual TOP10 CryptoCurrency price index! #bitcoin #btc #bitcoinprice #blockchain #cryptocurrency‚Ä¶ https://t.co/reIRXgWkBm
262,cryptocurrency,113,0.0,0.0,0.0,1.0,1525741262.0,Check out our actual Global Market Cap visualization! #bitcoin #btc #bitcoinprice #blockchain #cryptocurrency‚Ä¶ https://t.co/RpctPjwICp
263,cryptocurrency,114,-0.25,0.0,0.095,0.905,1525740569.0,"""The launch of Bitcoin futures allowed pessimists to enter the market, which contributed to the reversal of the Bit‚Ä¶ https://t.co/mHsHWXHTOj"
264,cryptocurrency,115,0.0,0.0,0.0,1.0,1525664270.0,"Spencer Bogart, a partner at Blockchain Capital, said that other banks will follow Goldman Sachs‚Äô example in openin‚Ä¶ https://t.co/ENK3mSZBMc"
265,cryptocurrency,116,0.0,0.0,0.0,1.0,1525655578.0,Check out our actual TOP10 CryptoCurrency price index! #bitcoin #btc #bitcoinprice #blockchain #cryptocurrency‚Ä¶ https://t.co/R4Kp8MrsmR
266,cryptocurrency,117,-0.296,0.0,0.18,0.82,1525655471.0,Crypto-Backed Fiat Currencies: Sci Fi or Missing Link? #CryptoCurrency #Bitcoin https://t.co/IUPRrn5pFg
267,cryptocurrency,118,0.0,0.0,0.0,1.0,1525655182.0,"Ethereum (ETH), the second largest cryptocurrency by market capitalization, is facing scrutiny from American regula‚Ä¶ https://t.co/dRaAYQDZL8"
268,cryptocurrency,119,0.0,0.0,0.0,1.0,1525416099.0,Check out our actual TOP10 CryptoCurrency price index! #bitcoin #btc #bitcoinprice #blockchain #cryptocurrency‚Ä¶ https://t.co/6bhpYcfghN
269,cryptocurrency,120,0.0,0.0,0.0,1.0,1525415808.0,The pro-Bitcoin community movement that galvanized last week against https://t.co/JEUaBRlHbF has reversed its plans‚Ä¶ https://t.co/trtfCIPC1j
270,cryptocurrency,121,0.0,0.0,0.0,1.0,1525397595.0,Crypto Markets Keep Experiencing Mainly Green After Last Week‚Äôs Market Corrections. #CryptoCurrency #Bitcoin https://t.co/pzDo0VCTuc
271,cryptocurrency,122,0.0,0.0,0.0,1.0,1525393265.0,Ether's Price Hits Highest Level Since Early March. #Ethereum #CryptoCurrency https://t.co/i4WFCLpC5B
272,cryptocurrency,123,0.0,0.0,0.0,1.0,1525324070.0,Goldman Sachs has said Bitcoin ‚Äúis not a fraud‚Äù as it unveiled plans to buy and sell cryptocurrency. #Bitcoin‚Ä¶ https://t.co/ZJBhq1TjFJ
273,cryptocurrency,124,0.0,0.0,0.0,1.0,1525320101.0,Check out our actual TOP10 CryptoCurrency price index! #bitcoin #btc #bitcoinprice #blockchain #cryptocurrency‚Ä¶ https://t.co/jIfmNwlogD
274,cryptocurrency,125,0.0258,0.055,0.0,0.945,1525319667.0,"Alexis Ohanian, a co-founder of Reddit, said that he predicts the price of Ethereum (ETH) will reach $15,000 in 201‚Ä¶ https://t.co/H9X3Qwi5Ln"
275,cryptocurrency,126,0.3595,0.151,0.0,0.849,1525243278.0,Share your point of view with us! #bitcoin #btc #bitcoinprice #blockchain #cryptocurrency #crypto #bitcoins‚Ä¶ https://t.co/9mSzPyTsPR
276,cryptocurrency,127,0.0,0.0,0.0,1.0,1525220998.0,Check out our actual Global Market Cap visualization! #bitcoin #btc #bitcoinprice #blockchain #cryptocurrency‚Ä¶ https://t.co/TCoPQy31yp
277,cryptocurrency,128,0.3182,0.126,0.0,0.874,1525220388.0,Ethereum could soon see its transaction processing capacity increase dramatically through the use of so-called ‚Äòsha‚Ä¶ https://t.co/6MARRU94Ua
278,cryptocurrency,129,0.0,0.0,0.0,1.0,1525220277.0,Check out our actual TOP10 CryptoCurrency price index! #bitcoin #btc #bitcoinprice #blockchain #cryptocurrency‚Ä¶ https://t.co/3Evg3JyznG
279,cryptocurrency,130,0.2263,0.119,0.0,0.881,1525220167.0,South Korea's central bank says cryptocurrency and blockchain will allow societies to become coinless.‚Ä¶ https://t.co/L1rnJiCL6n
280,cryptocurrency,131,0.0,0.0,0.0,1.0,1525051131.0,Check out our actual Global Market Cap visualization! #bitcoin #btc #bitcoinprice #blockchain #cryptocurrency‚Ä¶ https://t.co/lGGMMuPcBD
281,cryptocurrency,132,0.0,0.0,0.0,1.0,1525051007.0,France‚Äôs Conseil d‚ÄôEtat (Council of State) has changed the tax rate on cryptocurrency sales to a flat rate of 19 pe‚Ä¶ https://t.co/AXr3nGAljz
282,cryptocurrency,133,0.4939,0.186,0.0,0.814,1525050664.0,"Independent financial consulting company deVere Group, which provides investment and wealth management services, ha‚Ä¶ https://t.co/MTYfQoYqSg"
283,cryptocurrency,134,0.0,0.0,0.0,1.0,1525050117.0,Check out our actual TOP10 CryptoCurrency price index! #bitcoin #btc #bitcoinprice #blockchain #cryptocurrency‚Ä¶ https://t.co/PdvCZTCu8Y
284,cryptocurrency,135,0.0,0.0,0.0,1.0,1524712701.0,Check out our actual Global Market Cap visualization! #bitcoin #btc #bitcoinprice #blockchain #cryptocurrency‚Ä¶ https://t.co/4FAb4aDeRT
285,cryptocurrency,136,0.4522,0.135,0.0,0.865,1524712574.0,As many as a dozen or more ethereum-based ERC-20 smart contracts have been found to contain bugs that let attackers‚Ä¶ https://t.co/j9fSL88nhy
286,cryptocurrency,137,0.0,0.0,0.0,1.0,1524709610.0,Check out our actual TOP10 CryptoCurrency price index! #bitcoin #btc #bitcoinprice #blockchain #cryptocurrency‚Ä¶ https://t.co/s67m0vkBVh
287,cryptocurrency,138,-0.4215,0.0,0.226,0.774,1524709449.0,Bitcoin's limited supply is about to get a bit more limited. #bitcoin #btc #bitcoinprice #blockchain‚Ä¶ https://t.co/XQSspdpF6n
288,cryptocurrency,139,0.0,0.0,0.0,1.0,1524618623.0,Changelly Partners With Binance! #bitcoin #btc #bitcoinprice #blockchain #cryptocurrency #crypto #bitcoins‚Ä¶ https://t.co/8ROnWq2hOP
289,cryptocurrency,140,0.0,0.0,0.0,1.0,1524538248.0,American venture capital investor and Blockchain industry influencer Tim Draper claimed that Bitcoin (BTC) is ‚Äúbigg‚Ä¶ https://t.co/15sft5FYtj
290,cryptocurrency,141,0.0,0.0,0.0,1.0,1524535667.0,Check out our actual Global Market Cap visualization! #bitcoin #btc #bitcoinprice #blockchain #cryptocurrency‚Ä¶ https://t.co/RMG0uSmS5O
291,cryptocurrency,142,0.0,0.0,0.0,1.0,1524533738.0,Check out our actual TOP10 CryptoCurrency price index! #bitcoin #btc #bitcoinprice #blockchain #cryptocurrency‚Ä¶ https://t.co/INVXGZkHNQ
292,cryptocurrency,143,0.6808,0.272,0.0,0.728,1524446137.0,"Cointelegraph had a chance to talk to Eric Ly, Chinese-American investor and businessman and co-founder of LinkedIn‚Ä¶ https://t.co/R5Yy0ZlTj5"
293,cryptocurrency,144,0.0,0.0,0.0,1.0,1524277926.0,"Price Analysis: Bitcoin, Ethereum, Bitcoin Cash, Ripple, Stellar, Litecoin, Cardano, NEO, EOS https://t.co/d3tvEBisRX"
294,cryptocurrency,145,0.0,0.0,0.0,1.0,1524275636.0,Ethereum‚Äôs Buterin: Altcoin Valuations ‚ÄòFar Ahead Of Accomplishments‚Äô. https://t.co/X7ldq7mc3a
295,cryptocurrency,146,0.0,0.0,0.0,1.0,1524204355.0,Check out our actual Global Market Cap visualization! #bitcoin #btc #bitcoinprice #blockchain #cryptocurrency‚Ä¶ https://t.co/4hTL4bJveD
296,cryptocurrency,147,0.0,0.0,0.0,1.0,1524204263.0,"Bithumb, South Korea‚Äôs leading cryptocurrency exchange, has recently revealed plans to issue its own token, Bithumb‚Ä¶ https://t.co/PqBUwWKi10"
297,cryptocurrency,148,0.0,0.0,0.0,1.0,1524193269.0,"Decentralized Exchanges, Off-Chain Atomic Swaps, And A Brief Look Into The Future! https://t.co/veUvFI4Xlc"
298,cryptocurrency,149,0.0,0.0,0.0,1.0,1524189788.0,The biggest gainer of the last seven days from the TOP10 CryptoCurrency is STELLAR! #stellar #cryptocurrency‚Ä¶ https://t.co/BXq9QBxdmz
299,cryptocurrency,150,0.0,0.0,0.0,1.0,1524189274.0,Check out our actual TOP10 CryptoCurrency price index! #bitcoin #btc #bitcoinprice #blockchain #cryptocurrency‚Ä¶ https://t.co/jeDHLHjMIN
